idna_subject,checker_type,destination,tested_at
dogdick.smackjeeves.com,AVAILABILITY,domains.list,2021-03-03 03:27:07.790075
gals.sextronix.com,AVAILABILITY,domains.list,2021-03-03 03:32:52.286530
2.cdn.ddstatic.com,AVAILABILITY,domains.list,2021-03-14 15:45:13.603175
9xrockers.co,AVAILABILITY,domains.list,2021-03-14 15:45:37.837253
b02.black.ndmdhs.com,AVAILABILITY,domains.list,2021-03-14 15:49:33.806784
beurette.max-pics.com,AVAILABILITY,domains.list,2021-03-14 15:50:24.087065
bm2.phncdn.com,AVAILABILITY,domains.list,2021-03-14 15:51:03.981221
bukkakex.com,AVAILABILITY,domains.list,2021-03-14 15:51:37.726410
cdn1b.pornstars.porntube.com,AVAILABILITY,domains.list,2021-03-14 15:53:37.891733
cdn1b.static.tube8.phncdn.com,AVAILABILITY,domains.list,2021-03-14 15:53:39.711967
cdn1b.video.pornhub.phncdn.com,AVAILABILITY,domains.list,2021-03-14 15:53:40.508686
cdn2.servitubes.com,AVAILABILITY,domains.list,2021-03-14 15:54:11.041511
cdn.adultdvdmarketplace.com,AVAILABILITY,domains.list,2021-03-14 15:55:30.948825
cdn.lubed1.com,AVAILABILITY,domains.list,2021-03-14 15:56:12.482230
cdn.servitubes.com,AVAILABILITY,domains.list,2021-03-14 15:56:32.293262
cul.pornobzh.com,AVAILABILITY,domains.list,2021-03-14 15:59:39.413318
content2.porn.hu,AVAILABILITY,domains.list,2021-03-14 15:59:53.557492
direkfullizle.net,AVAILABILITY,domains.list,2021-03-14 16:00:47.224595
francodirect.eu,AVAILABILITY,domains.list,2021-03-14 16:05:51.201653
fucking1.net,AVAILABILITY,domains.list,2021-03-14 16:06:05.354848
2.img.xxxmsntube.com,AVAILABILITY,domains.list,2021-03-14 16:08:29.114494
5licosy.com,AVAILABILITY,domains.list,2021-03-14 16:08:29.386466
3.img.xxxmsntube.com,AVAILABILITY,domains.list,2021-03-14 16:08:29.471608
6.img.xxxmsntube.com,AVAILABILITY,domains.list,2021-03-14 16:08:29.828068
8maturepornmovies.com,AVAILABILITY,domains.list,2021-03-14 16:08:30.329640
8.img.xxxmsntube.com,AVAILABILITY,domains.list,2021-03-14 16:08:30.397959
9.img.xxxmsntube.com,AVAILABILITY,domains.list,2021-03-14 16:08:30.544204
24trk.com,AVAILABILITY,domains.list,2021-03-14 16:08:31.303006
123porn.xyz,AVAILABILITY,domains.list,2021-03-14 16:08:31.547528
29443kmq.video,AVAILABILITY,domains.list,2021-03-14 16:08:31.735978
aboutincest.com,AVAILABILITY,domains.list,2021-03-14 16:08:32.254512
adulttoyssexvideos.com,AVAILABILITY,domains.list,2021-03-14 16:08:32.613257
a-eng.spankbang.com,AVAILABILITY,domains.list,2021-03-14 16:08:32.963046
aflamsexmasry.com,AVAILABILITY,domains.list,2021-03-14 16:08:33.446025
adult.goodvidz.com,AVAILABILITY,domains.list,2021-03-14 16:08:33.474042
affiliate-cash.tied-angels.com,AVAILABILITY,domains.list,2021-03-14 16:08:33.733215
alabonnepipe.com,AVAILABILITY,domains.list,2021-03-14 16:08:34.338237
altyazikolik.com,AVAILABILITY,domains.list,2021-03-14 16:08:34.445673
amateur.tube-hd.fr,AVAILABILITY,domains.list,2021-03-14 16:08:35.005049
amateuranalxxxvideos.com,AVAILABILITY,domains.list,2021-03-14 16:08:35.251231
amat.mobi,AVAILABILITY,domains.list,2021-03-14 16:08:35.255233
amatricesbeurettes.com,AVAILABILITY,domains.list,2021-03-14 16:08:35.660369
amaturein.com,AVAILABILITY,domains.list,2021-03-14 16:08:36.314877
angel.cn8828.com,AVAILABILITY,domains.list,2021-03-14 16:08:36.850757
angel-dark.org,AVAILABILITY,domains.list,2021-03-14 16:08:36.994162
angelsofnight.com,AVAILABILITY,domains.list,2021-03-14 16:08:37.220645
aquiwebcams.com,AVAILABILITY,domains.list,2021-03-14 16:08:37.751598
ankaraescortbayan.net,AVAILABILITY,domains.list,2021-03-14 16:08:37.900573
assets.flixcdn.com,AVAILABILITY,domains.list,2021-03-14 16:08:37.984938
badgirlsblog.eu,AVAILABILITY,domains.list,2021-03-14 16:08:38.971617
auctions.playboy.com,AVAILABILITY,domains.list,2021-03-14 16:08:39.189581
b.eave.rs,AVAILABILITY,domains.list,2021-03-14 16:08:39.346502
barebacksexvideos.com,AVAILABILITY,domains.list,2021-03-14 16:08:40.043361
bigsexvideos.com,AVAILABILITY,domains.list,2021-03-14 16:08:40.235404
bcdn.proporn.com,AVAILABILITY,domains.list,2021-03-14 16:08:40.730486
bisexualsexvideos.com,AVAILABILITY,domains.list,2021-03-14 16:08:40.984691
bigtitsmovies.xyz,AVAILABILITY,domains.list,2021-03-14 16:08:41.118168
black.tube-hd.fr,AVAILABILITY,domains.list,2021-03-14 16:08:41.664930
blackbootysexvideos.com,AVAILABILITY,domains.list,2021-03-14 16:08:41.758385
blackgirlssexvideos.com,AVAILABILITY,domains.list,2021-03-14 16:08:41.803149
blogdetente.com,AVAILABILITY,domains.list,2021-03-14 16:08:42.498445
blog-matures.com,AVAILABILITY,domains.list,2021-03-14 16:08:42.501444
bonnebranlette.net,AVAILABILITY,domains.list,2021-03-14 16:08:42.532818
busty-asian.org,AVAILABILITY,domains.list,2021-03-14 16:08:43.410258
boychan.org,AVAILABILITY,domains.list,2021-03-14 16:08:43.685383
c0.sc.yoxhub.com,AVAILABILITY,domains.list,2021-03-14 16:08:47.455447
c1.sc.yoxhub.com,AVAILABILITY,domains.list,2021-03-14 16:08:50.186187
c2.trafficdeposit.com,AVAILABILITY,domains.list,2021-03-14 16:08:50.715325
c3.trafficdeposit.com,AVAILABILITY,domains.list,2021-03-14 16:08:51.389925
cache.tgpsitecentral.com,AVAILABILITY,domains.list,2021-03-14 16:08:53.348364
cams.enjoyimages.be,AVAILABILITY,domains.list,2021-03-14 16:08:54.046458
buckangel.blog-paradijs.com,AVAILABILITY,domains.list,2021-03-14 16:08:55.008369
cams-world-live.de,AVAILABILITY,domains.list,2021-03-14 16:08:55.042559
canadaxxxvideos.com,AVAILABILITY,domains.list,2021-03-14 16:08:56.042072
canadasexvideos.com,AVAILABILITY,domains.list,2021-03-14 16:08:56.114679
canalsexvideos.com,AVAILABILITY,domains.list,2021-03-14 16:08:56.860097
cartoon-3x.com,AVAILABILITY,domains.list,2021-03-14 16:08:56.863914
cdn1.pics.hardsextube.com,AVAILABILITY,domains.list,2021-03-14 16:08:57.445171
cdn1b.pics.hardsextube.com,AVAILABILITY,domains.list,2021-03-14 16:08:58.276066
cartoonsexsite.org,AVAILABILITY,domains.list,2021-03-14 16:08:58.380126
cdn1b.static.hardsextube.com,AVAILABILITY,domains.list,2021-03-14 16:08:59.425479
cdn1-static-spankwire.spankcdn.net,AVAILABILITY,domains.list,2021-03-14 16:08:59.441919
cdn2b.pics.hardsextube.com,AVAILABILITY,domains.list,2021-03-14 16:09:00.213221
cdn2.pics.book-mark.net,AVAILABILITY,domains.list,2021-03-14 16:09:00.278884
cdn2b.static.hardsextube.com,AVAILABILITY,domains.list,2021-03-14 16:09:00.337610
cdn3.pics.book-mark.net,AVAILABILITY,domains.list,2021-03-14 16:09:00.866278
cdn2-public-spankwire.spankcdn.net,AVAILABILITY,domains.list,2021-03-14 16:09:01.234605
cdn3b.pics.hardsextube.com,AVAILABILITY,domains.list,2021-03-14 16:09:01.423002
cdn4b.pics.hardsextube.com,AVAILABILITY,domains.list,2021-03-14 16:09:02.171157
cdn4b.static.hardsextube.com,AVAILABILITY,domains.list,2021-03-14 16:09:02.171761
cdn1b.thumbnails.4tube.com,AVAILABILITY,domains.list,2021-03-14 16:09:02.630637
cdn5b.pics.hardsextube.com,AVAILABILITY,domains.list,2021-03-14 16:09:02.885924
cdn4-image-spankwire.spankcdn.net,AVAILABILITY,domains.list,2021-03-14 16:09:03.485702
cdn7.teamskeetimages.com,AVAILABILITY,domains.list,2021-03-14 16:09:03.549947
cdn6.teamskeetimages.com,AVAILABILITY,domains.list,2021-03-14 16:09:03.704012
cdn9.teamskeetimages.com,AVAILABILITY,domains.list,2021-03-14 16:09:04.353370
cdn8.teamskeetimages.com,AVAILABILITY,domains.list,2021-03-14 16:09:04.389334
cdn10.teamskeetimages.com,AVAILABILITY,domains.list,2021-03-14 16:09:04.656559
cdn11.teamskeetimages.com,AVAILABILITY,domains.list,2021-03-14 16:09:05.065320
cdn13.teamskeetimages.com,AVAILABILITY,domains.list,2021-03-14 16:09:05.140896
cdn12.teamskeetimages.com,AVAILABILITY,domains.list,2021-03-14 16:09:05.553640
cdn14.teamskeetimages.com,AVAILABILITY,domains.list,2021-03-14 16:09:05.668734
cdn15.teamskeetimages.com,AVAILABILITY,domains.list,2021-03-14 16:09:05.691807
cdn16.teamskeetimages.com,AVAILABILITY,domains.list,2021-03-14 16:09:06.411040
cdn.24x7tube.com,AVAILABILITY,domains.list,2021-03-14 16:09:06.623100
cdn.content1.fapxl.com,AVAILABILITY,domains.list,2021-03-14 16:09:07.621368
cdn.jizzbo.mobi,AVAILABILITY,domains.list,2021-03-14 16:09:08.473780
cdn.pornid.xxx,AVAILABILITY,domains.list,2021-03-14 16:09:09.303927
cdn.media.el-ladies.com,AVAILABILITY,domains.list,2021-03-14 16:09:09.515900
cdn.bigbootyporntube.org,AVAILABILITY,domains.list,2021-03-14 16:09:09.730033
cdn.porno365.blog,AVAILABILITY,domains.list,2021-03-14 16:09:11.989507
cdn.unfaithfulxxx.com,AVAILABILITY,domains.list,2021-03-14 16:09:12.792539
cdn.sexvintage.com,AVAILABILITY,domains.list,2021-03-14 16:09:15.714917
cdn.redsexhub.com,AVAILABILITY,domains.list,2021-03-14 16:09:17.477084
cdnlv1.porndoe.com,AVAILABILITY,domains.list,2021-03-14 16:09:18.612779
cdnlw2.porn300.com,AVAILABILITY,domains.list,2021-03-14 16:09:19.456254
cdnlw2.serviporno.com,AVAILABILITY,domains.list,2021-03-14 16:09:20.236430
cdnlw3.porn300.com,AVAILABILITY,domains.list,2021-03-14 16:09:20.954200
cdnlw3.serviporno.com,AVAILABILITY,domains.list,2021-03-14 16:09:21.364165
cdnlw4.porn300.com,AVAILABILITY,domains.list,2021-03-14 16:09:21.768035
cdnlw4.serviporno.com,AVAILABILITY,domains.list,2021-03-14 16:09:22.456749
cdnlw5.porn300.com,AVAILABILITY,domains.list,2021-03-14 16:09:22.548565
cdnlw5.serviporno.com,AVAILABILITY,domains.list,2021-03-14 16:09:23.220371
cdnlw5.videosgratis.tv,AVAILABILITY,domains.list,2021-03-14 16:09:23.420992
cdnlw6.porn300.com,AVAILABILITY,domains.list,2021-03-14 16:09:24.039271
cdnlw7.porn300.com,AVAILABILITY,domains.list,2021-03-14 16:09:24.250243
cdnlw8.serviporno.com,AVAILABILITY,domains.list,2021-03-14 16:09:24.937061
cdnlw.porn300.com,AVAILABILITY,domains.list,2021-03-14 16:09:25.383803
cdnlw.folieporno.fr,AVAILABILITY,domains.list,2021-03-14 16:09:28.209890
cdnlw.porndroids.com,AVAILABILITY,domains.list,2021-03-14 16:09:28.811898
cdnlw.serviporno.com,AVAILABILITY,domains.list,2021-03-14 16:09:29.683193
cdnlw8.porn300.com,AVAILABILITY,domains.list,2021-03-14 16:09:30.180376
cesky-sex.cz,AVAILABILITY,domains.list,2021-03-14 16:09:34.610316
chinese-escorts-london.com,AVAILABILITY,domains.list,2021-03-14 16:09:35.360661
cdnlw.pornodiamant.com,AVAILABILITY,domains.list,2021-03-14 16:09:35.614939
contents4595.yoxhub.com,AVAILABILITY,domains.list,2021-03-14 16:09:38.209930
coolxxxvideos.com,AVAILABILITY,domains.list,2021-03-14 16:09:39.088218
cosepermaschi.net,AVAILABILITY,domains.list,2021-03-14 16:09:39.834237
cougar-city.net,AVAILABILITY,domains.list,2021-03-14 16:09:40.606727
cruisingforsexvideos.com,AVAILABILITY,domains.list,2021-03-14 16:09:41.505518
css.xxxincestos.ws,AVAILABILITY,domains.list,2021-03-14 16:09:44.467580
clips.sextronix.com,AVAILABILITY,domains.list,2021-03-14 16:09:45.217495
curvybabes.online,AVAILABILITY,domains.list,2021-03-14 16:09:45.815154
cute-cherries.com,AVAILABILITY,domains.list,2021-03-14 16:09:46.413571
cuteteensexvideos.com,AVAILABILITY,domains.list,2021-03-14 16:09:46.560943
dailyasiansexvideos.com,AVAILABILITY,domains.list,2021-03-14 16:09:47.317480
damedecompanie.eu,AVAILABILITY,domains.list,2021-03-14 16:09:47.442126
data.requiredcollectfilm.info,AVAILABILITY,domains.list,2021-03-14 16:09:48.323524
data.shoplov.in,AVAILABILITY,domains.list,2021-03-14 16:09:49.536777
data.scorepresshidden.info,AVAILABILITY,domains.list,2021-03-14 16:09:49.619123
dex75.exmasters.com,AVAILABILITY,domains.list,2021-03-14 16:09:50.149636
dammsugarsepasar.gq,AVAILABILITY,domains.list,2021-03-14 16:09:50.633035
discountsexvideos.com,AVAILABILITY,domains.list,2021-03-14 16:09:50.898622
dl1.n3.22.cdn.perfectgirls.net,AVAILABILITY,domains.list,2021-03-14 16:09:52.070752
dl2.n3.4.cdn.perfectgirls.net,AVAILABILITY,domains.list,2021-03-14 16:09:53.311748
dl1.n3.19.cdn.perfectgirls.net,AVAILABILITY,domains.list,2021-03-14 16:09:54.021493
dl4.adultempire.com,AVAILABILITY,domains.list,2021-03-14 16:09:54.848475
dl2.n3.23.cdn.perfectgirls.net,AVAILABILITY,domains.list,2021-03-14 16:09:55.325843
doratube.com,AVAILABILITY,domains.list,2021-03-14 16:09:56.262320
download-sexvideos.com,AVAILABILITY,domains.list,2021-03-14 16:09:57.079884
dl2.n5.4.cdn.perfectgirls.net,AVAILABILITY,domains.list,2021-03-14 16:09:57.925109
drunkbabe.net,AVAILABILITY,domains.list,2021-03-14 16:09:58.119857
ebonypichunter.com,AVAILABILITY,domains.list,2021-03-14 16:09:58.763846
eroticpinupart.net,AVAILABILITY,domains.list,2021-03-14 16:09:59.658481
escort69.pt,AVAILABILITY,domains.list,2021-03-14 16:10:01.432607
escortportomafalda.tk,AVAILABILITY,domains.list,2021-03-14 16:10:02.290440
f.shoplov.in,AVAILABILITY,domains.list,2021-03-14 16:10:04.019907
fantasista-av.com,AVAILABILITY,domains.list,2021-03-14 16:10:05.066638
fetichissime.eu,AVAILABILITY,domains.list,2021-03-14 16:10:06.628847
cdn.feljack.com,AVAILABILITY,domains.list,2021-03-14 16:10:08.241321
files.meyzo.com,AVAILABILITY,domains.list,2021-03-14 16:10:09.239676
filmxtrans.com,AVAILABILITY,domains.list,2021-03-14 16:10:10.264784
filmepornoxvid.com,AVAILABILITY,domains.list,2021-03-14 16:10:10.265670
film-x-gratos.com,AVAILABILITY,domains.list,2021-03-14 16:10:11.049014
film-xxx.net,AVAILABILITY,domains.list,2021-03-14 16:10:11.360912
find-your-dating1.com,AVAILABILITY,domains.list,2021-03-14 16:10:11.952405
fleshlight-russia.com,AVAILABILITY,domains.list,2021-03-14 16:10:12.181079
flv.dildos-hd.com,AVAILABILITY,domains.list,2021-03-14 16:10:13.031347
freehardcoresexvideos.com,AVAILABILITY,domains.list,2021-03-14 16:10:13.170871
freehdsexvideos.com,AVAILABILITY,domains.list,2021-03-14 16:10:14.198670
freeporn.wtf,AVAILABILITY,domains.list,2021-03-14 16:10:14.439627
freeteengroupsexvideos.com,AVAILABILITY,domains.list,2021-03-14 16:10:14.738803
freexvideostube.com,AVAILABILITY,domains.list,2021-03-14 16:10:15.406210
frenchxporn.com,AVAILABILITY,domains.list,2021-03-14 16:10:15.500742
fuckmattyb.xvlite.com,AVAILABILITY,domains.list,2021-03-14 16:10:16.346331
generation-hentai.com,AVAILABILITY,domains.list,2021-03-14 16:10:17.365264
gentleshot.site,AVAILABILITY,domains.list,2021-03-14 16:10:18.103126
get.requiredcollectfilm.info,AVAILABILITY,domains.list,2021-03-14 16:10:19.908003
gfx3.gamelink.com,AVAILABILITY,domains.list,2021-03-14 16:10:20.860148
gingerbooty.com,AVAILABILITY,domains.list,2021-03-14 16:10:21.922281
hanaprop.com,AVAILABILITY,domains.list,2021-03-14 16:10:22.985809
hardfreshmen.com,AVAILABILITY,domains.list,2021-03-14 16:10:23.612944
1.cdn.ddstatic.com,AVAILABILITY,domains.list,2021-03-25 01:21:16.487738
64.thumbs.4fuckr.com,AVAILABILITY,domains.list,2021-03-25 01:24:33.225023
192.thumbs.4fuckr.com,AVAILABILITY,domains.list,2021-03-25 01:25:39.416807
academic-co.jp,AVAILABILITY,domains.list,2021-03-25 01:28:13.191609
